"","beta.disc","se.disc","n.disc","freq.disc","beta.rep","se.rep","n.rep","freq.rep","trait.mean","p.thresh","rsid","chr","pos","trait.var","file.tag"
"8",0.0681162521,0.011,24167,0.341667,0.0537,0.0152,9456,0.341667,14.27783,5e-08,"rs10495928",2,46126027,1.22389,"19862010_data_upbuilt_filtered.csv"
"9",0.1825953915,0.0224,24167,0.041667,0.1167,0.0322,9456,0.041667,14.27783,5e-08,"rs1800562",6,26092913,1.22389,"19862010_data_upbuilt_filtered.csv"
"10",0.0601251709,0.011,24167,0.258333,0.0964,0.0164,9456,0.258333,14.27783,5e-08,"rs10224002",7,151717955,1.22389,"19862010_data_upbuilt_filtered.csv"
"11",0.1171922458,0.0192,24167,0.110169,0.0863,0.0329,9456,0.110169,14.27783,5e-08,"rs16926246",10,69333636,1.22389,"19862010_data_upbuilt_filtered.csv"
"12",0.0687153446,0.0107,24167,0.333333,0.0427,0.0151,9456,0.333333,14.27783,5e-08,"rs11065987",12,111634620,1.22389,"19862010_data_upbuilt_filtered.csv"
"13",-0.0699,0.0116,24167,0.183673,-0.0479,0.0206,9456,0.183673,14.27783,5e-08,"rs6013509",20,52701812,1.22389,"19862010_data_upbuilt_filtered.csv"
