"","beta.disc","se.disc","n.disc","f.disc","beta.rep","se.rep","n.rep","f.rep","trait.mean","p.thresh","rsid","chr","pos","trait.var","file.tag"
"1",0.5,0.09,29136,0.48,0.45,0.09,34433,0.48,76.18726,3e-06,"rs3184504",12,111446804,114.74,"19430479_data_upbuilt_filtered.csv"
"2",-0.48,0.09,29136,0.35,-0.23,0.09,34433,0.35,76.18726,3e-06,"rs2384550",12,114914926,114.74,"19430479_data_upbuilt_filtered.csv"
"3",-0.5,0.1,29136,0.72,-0.17,0.09,34433,0.72,76.18726,3e-06,"rs11024074",11,16895672,114.74,"19430479_data_upbuilt_filtered.csv"
"4",0.6,0.12,29136,0.17,0.4,0.11,34433,0.17,76.18726,3e-06,"rs9815354",3,41871159,114.74,"19430479_data_upbuilt_filtered.csv"
"5",0.45,0.09,29136,0.42,0.35,0.09,34433,0.42,76.18726,3e-06,"rs6495122",15,74833304,114.74,"19430479_data_upbuilt_filtered.csv"
"6",0.46,0.09,29136,0.66,0.28,0.09,34433,0.66,76.18726,3e-06,"rs11014166",10,18419869,114.74,"19430479_data_upbuilt_filtered.csv"
"7",0.59,0.12,29136,0.17,0.11,0.11,34433,0.17,76.18726,3e-06,"rs13423988",2,68684134,114.74,"19430479_data_upbuilt_filtered.csv"
"8",0.57,0.12,29136,0.83,0.06,0.11,34433,0.83,76.18726,3e-06,"rs7016759",8,48499856,114.74,"19430479_data_upbuilt_filtered.csv"
