"","beta.disc","se.disc","n.disc","freq.disc","beta.rep","se.rep","n.rep","freq.rep","trait.mean","p.thresh","rsid","chr","pos","trait.var","file.tag"
"1",-0.034,0.008,2917,0.26,-0.0303,0.006,9492,0.2777665402,1.569662,2e-05,"rs16847897",3,169850328,0.0808396,"20139977_data_upbuilt_filtered.csv"
"2",-0.044,0.01,2917,0.24,-0.001,0.009,2020,0.25,1.569662,2e-05,"rs10511887",9,31837336,0.0808396,"20139977_data_upbuilt_filtered.csv"
"3",0.046,0.01,2917,0.13,-0.007,0.013,2020,0.11,1.569662,2e-05,"rs610160",11,105826169,0.0808396,"20139977_data_upbuilt_filtered.csv"
