"","beta.disc","se.disc","n.disc","freq.disc","beta.rep","se.rep","n.rep","freq.rep","trait.mean","p.thresh","rsid","chr","pos","trait.var","file.tag"
"1",0.268,0.054,2154,0.45,0.027,0.0713191967,982,0.45,3.84,3.5e-05,"rs4751955",10,116163713,2.98792,"21750702_data_upbuilt_filtered.csv"
"2",-0.349,0.077,2154,0.14,-0.042,0.1021651911,982,0.14,3.84,3.5e-05,"rs12948266",17,15518221,2.98792,"21750702_data_upbuilt_filtered.csv"
"3",-0.28,0.064,2154,0.23,0.045,0.0815328732,982,0.23,3.84,3.5e-05,"rs510153",6,33602298,2.98792,"21750702_data_upbuilt_filtered.csv"
"4",-0.329,0.076,2154,0.14,0.052,0.1002589511,982,0.14,3.84,3.5e-05,"rs1532096",11,42891803,2.98792,"21750702_data_upbuilt_filtered.csv"
"5",-0.361,0.086,2154,0.11,0.073,0.1140151999,982,0.11,3.84,3.5e-05,"rs17023187",4,147401777,2.98792,"21750702_data_upbuilt_filtered.csv"
"6",-0.22,0.052,2154,0.46,0.024,0.0720335895,982,0.46,3.84,3.5e-05,"rs1881140",17,50239511,2.98792,"21750702_data_upbuilt_filtered.csv"
"7",0.315,0.075,2154,0.14,-0.054,0.1002160156,982,0.14,3.84,3.5e-05,"rs11841788",13,31416382,2.98792,"21750702_data_upbuilt_filtered.csv"
"8",-0.383,0.092,2154,0.09,-0.045,0.12278667,982,0.09,3.84,3.5e-05,"rs3803414",15,65913866,2.98792,"21750702_data_upbuilt_filtered.csv"
"9",0.242,0.058,2154,0.28,0.075,0.0836611583,982,0.28,3.84,3.5e-05,"rs8101893",19,14829189,2.98792,"21750702_data_upbuilt_filtered.csv"
