"","beta.disc","se.disc","n.disc","f.disc","beta.rep","se.rep","n.rep","f.rep","trait.mean","p.thresh","rsid","chr","pos","trait.var","file.tag"
"1",0.091,0.018,10768,0.1997409,0.055,0.018,8321,0.2035957,0,1e-06,"rs7980687",12,123338164,1.11909,"22504419_data_upbuilt_filtered.csv"
"2",-0.072,0.014,10768,0.4855052,-0.058,0.015,8321,0.484967,0,1e-06,"rs1042725",12,65964567,1.11909,"22504419_data_upbuilt_filtered.csv"
"3",0.07,0.015,10768,0.4427656,0.025,0.015,8321,0.4311453,0,1e-06,"rs11655470",17,45718067,1.11909,"22504419_data_upbuilt_filtered.csv"
