"","beta.disc","se.disc","n.disc","freq.disc","beta.rep","se.rep","n.rep","freq.rep","trait.mean","p.thresh","rsid","chr","pos","trait.var","file.tag"
"1",-0.111,0.015,3735,0.618,-0.119,0.015,3717,0.618,-0.08801874,1e-07,"rs2046045",5,77239986,0.399389,"22494929_data_upbuilt_filtered.csv"
"2",-0.084,0.015,3691,0.511,-0.033,0.014,3700,0.511,-0.08801874,1e-07,"rs10917477",1,19534612,0.399389,"22494929_data_upbuilt_filtered.csv"
"3",0.106,0.019,3715,0.823,0.062,0.019,3697,0.823,-0.08801874,1e-07,"rs10028213",4,148731458,0.399389,"22494929_data_upbuilt_filtered.csv"
"4",0.085,0.016,3697,0.681,0.052,0.015,3717,0.681,-0.08801874,1e-07,"rs3813582",16,79715456,0.399389,"22494929_data_upbuilt_filtered.csv"
