"","beta.disc","se.disc","n.disc","freq.disc","beta.rep","se.rep","n.rep","freq.rep","trait.mean","p.thresh","rsid","chr","pos","trait.var","file.tag"
"1",0.05,0.01,3248,0.59,0.03,0.01,659,0.58,2.857254,5e-05,"rs17372114",1,56777781,0.227563,"22843503_data_upbuilt_filtered.csv"
"2",0.05,0.01,3248,0.69,0.06,0.01,659,0.6,2.857254,5e-05,"rs3931020",1,74769633,0.227563,"22843503_data_upbuilt_filtered.csv"
"3",0.12,0.03,3248,0.09,0.13,0.02,659,0.1,2.857254,5e-05,"rs13144478",4,115275150,0.227563,"22843503_data_upbuilt_filtered.csv"
"4",0.05,0.01,3248,0.32,0.02,0.01,659,0.32,2.857254,5e-05,"rs6068258",20,52578702,0.227563,"22843503_data_upbuilt_filtered.csv"
