"","beta.disc","se.disc","n.disc","f.disc","beta.rep","se.rep","n.rep","f.rep","trait.mean","p.thresh","rsid","chr","pos","trait.var","file.tag"
"1",-0.15,0.02,5878,0.17,-0.15,0.06,1052,0.15,0,5e-08,"rs1021188",13,42541997,0.974703,"23437003_data_upbuilt_filtered.csv"
"2",-0.11,0.02,5878,0.33,-0.1,0.05,1025,0.29,0,5e-08,"rs271170",6,132994665,0.974703,"23437003_data_upbuilt_filtered.csv"
"3",-0.1,0.02,5878,0.34,-0.11,0.04,1025,0.33,0,5e-08,"rs7839059",8,118964303,0.974703,"23437003_data_upbuilt_filtered.csv"
"4",-0.09,0.02,5878,0.4,-0.09,0.04,1027,0.38,0,5e-08,"rs6909279",6,151574321,0.974703,"23437003_data_upbuilt_filtered.csv"
"5",0.22,0.04,2500,0.15,0.14,0.06,1022,0.18,0,5e-08,"rs9287237",1,240433914,0.974703,"23437003_data_upbuilt_filtered.csv"
