"","beta.disc","se.disc","n.disc","f.disc","beta.rep","se.rep","n.rep","f.rep","trait.mean","p.thresh","rsid","chr","pos","trait.var","file.tag"
"1",0.15,0.02,7440,0.12,0.18,0.05,2473,0.08,0,5e-06,"rs12139042",1,11107089,1.02489,"24963161_data_upbuilt_filtered.csv"
"2",0.11,0.02,7436,0.82,0.12,0.03,2473,0.8,0,5e-06,"rs17103186",1,47388842,1.02489,"24963161_data_upbuilt_filtered.csv"
"3",0.12,0.02,7440,0.76,0.02,0.04,2473,0.81,0,5e-06,"rs1800813",4,54228300,1.02489,"24963161_data_upbuilt_filtered.csv"
"4",0.09,0.02,7437,0.22,0.05,0.03,2472,0.24,0,5e-06,"rs2280823",8,1949491,1.02489,"24963161_data_upbuilt_filtered.csv"
"5",0.26,0.05,5316,0.97,0.04,0.08,2473,0.97,0,5e-06,"rs117523291",8,104895754,1.02489,"24963161_data_upbuilt_filtered.csv"
"6",0.27,0.05,5316,0.04,0.33,0.08,2473,0.04,0,5e-06,"rs11204213",10,47351134,1.02489,"24963161_data_upbuilt_filtered.csv"
"7",0.15,0.03,7440,0.16,-0.15,0.08,2473,0.04,0,5e-06,"rs7183510",15,24884827,1.02489,"24963161_data_upbuilt_filtered.csv"
