"","beta.disc","se.disc","n.disc","freq.disc","beta.rep","se.rep","n.rep","freq.rep","trait.mean","p.thresh","rsid","chr","pos","trait.var","file.tag"
"1",-5.64,0.7982412007,6166,0.203,-1.2622,1.6118,964,0.1997593361,122,1e-07,"rs11668477",19,11084354,1235.6,"19802338_data_upbuilt_filtered.csv"
"2",-4.49,0.8024320118,6201,0.198,-3.5917,1.6017,964,0.1967593361,122,1e-07,"rs312985",2,21155933,1235.6,"19802338_data_upbuilt_filtered.csv"
"3",-6.79,0.7616799769,6194,0.216,-5.0495,1.589,962,0.2013513514,122,1e-07,"rs646776",1,109275908,1235.6,"19802338_data_upbuilt_filtered.csv"
"4",3.83,0.6526472153,5950,0.41,1.5264,1.2892,962,0.4304864865,122,1e-07,"rs6859",19,44878777,1235.6,"19802338_data_upbuilt_filtered.csv"
