"","beta.disc","se.disc","n.disc","f.disc","beta.rep","se.rep","n.rep","f.rep","trait.mean","p.thresh","rsid","chr","pos","trait.var","file.tag"
"5",0.0392,0.007,12545,0.38,0.0395,0.009,7861,0.38,4.732167,5e-08,"rs895636",2,44961214,0.283734,"21909109_data_upbuilt_filtered.csv"
"6",0.0613,0.0086,12545,0.19,0.0629,0.0113,7861,0.19,4.732167,5e-08,"rs1799884",7,44189469,0.283734,"21909109_data_upbuilt_filtered.csv"
"7",0.0412,0.0067,12545,0.45,0.0485,0.0085,7861,0.45,4.732167,5e-08,"rs10830962",11,92965261,0.283734,"21909109_data_upbuilt_filtered.csv"
