"","beta.disc","se.disc","n.disc","f.disc","beta.rep","se.rep","n.rep","f.rep","trait.mean","p.thresh","rsid","chr","pos","trait.var","file.tag"
"1",0.441,0.075,33533,0.69,-0.029,0.069,38360,0.69,49.48706,1e-05,"rs10163409",16,54104968,75.4915,"23372041_data_upbuilt_filtered.csv"
"2",0.653,0.131,33533,0.07,0.016,0.117,38360,0.07,49.48706,1e-05,"rs6558687",8,2746661,75.4915,"23372041_data_upbuilt_filtered.csv"
"3",0.309,0.064,33533,0.48,0.141,0.058,38360,0.48,49.48706,1e-05,"rs197273",2,161038152,75.4915,"23372041_data_upbuilt_filtered.csv"
"4",0.317,0.067,33533,0.35,0.066,0.06,38360,0.35,49.48706,1e-05,"rs133055",22,40654867,75.4915,"23372041_data_upbuilt_filtered.csv"
"5",-0.481,0.102,33533,0.14,0.065,0.085,38360,0.14,49.48706,1e-05,"rs703058",10,16834053,75.4915,"23372041_data_upbuilt_filtered.csv"
"6",-0.357,0.076,33533,0.24,0.165,0.072,38360,0.24,49.48706,1e-05,"rs7689746",4,94652972,75.4915,"23372041_data_upbuilt_filtered.csv"
"7",-0.493,0.108,33533,0.13,0.094,0.091,38360,0.13,49.48706,1e-05,"rs13065635",3,121583563,75.4915,"23372041_data_upbuilt_filtered.csv"
"8",0.304,0.068,33533,0.33,-0.033,0.06,38360,0.33,49.48706,1e-05,"rs1512130",4,46950454,75.4915,"23372041_data_upbuilt_filtered.csv"
