"","beta.disc","se.disc","n.disc","f.disc","beta.rep","se.rep","n.rep","f.rep","trait.mean","p.thresh","rsid","chr","pos","trait.var","file.tag"
"1",0.5,0.107,19251,0.472,0.25,0.142,10465,0.503,76.18644,1e-05,"rs17030613",1,112648185,111.74,"21572416_data_upbuilt_filtered.csv"
"5",0.726,0.142,16268,0.78,0.829,0.163,10453,0.749,76.18644,1e-05,"rs11066280",12,112379979,111.74,"21572416_data_upbuilt_filtered.csv"
"6",0.544,0.122,19286,0.745,0.482,0.164,10460,0.746,76.18644,1e-05,"rs35444",12,115114632,111.74,"21572416_data_upbuilt_filtered.csv"
"7",0.526,0.108,19605,0.414,-0.112,0.144,10452,0.457,76.18644,1e-05,"rs1930",2,80287547,111.74,"21572416_data_upbuilt_filtered.csv"
"8",0.563,0.126,19564,0.245,-0.093,0.16,10446,0.27,76.18644,1e-05,"rs10803666",2,233930302,111.74,"21572416_data_upbuilt_filtered.csv"
"9",-0.526,0.115,17723,0.41,0.151,0.142,10449,0.438,76.18644,1e-05,"rs17763297",3,8274423,111.74,"21572416_data_upbuilt_filtered.csv"
"11",-0.917,0.204,17915,0.917,-0.09,0.252,10452,0.914,76.18644,1e-05,"rs9805506",13,66941458,111.74,"21572416_data_upbuilt_filtered.csv"
"12",0.858,0.179,19557,0.902,0.238,0.2,10456,0.851,76.18644,1e-05,"rs16962035",16,60389334,111.74,"21572416_data_upbuilt_filtered.csv"
