"","beta.disc","se.disc","n.disc","freq.disc","beta.rep","se.rep","n.rep","freq.rep","trait.mean","p.thresh","rsid","chr","pos","trait.var","file.tag"
"1",-0.118,0.02,5099,0.177,-0.1,0.025,3662,0.177,0,5e-08,"rs12424086",12,65970729,0.609601,"21931568_data_upbuilt_filtered.csv"
"2",-0.109,0.017,5088,0.707,-0.091,0.021,3691,0.715,0,5e-08,"rs4491709",2,217030033,0.609601,"21931568_data_upbuilt_filtered.csv"
"3",-0.105,0.016,5097,0.381,-0.099,0.019,3696,0.388,0,5e-08,"rs2281845",1,201112815,0.609601,"21931568_data_upbuilt_filtered.csv"
"4",-0.094,0.016,5100,0.426,-0.12,0.019,3690,0.426,0,5e-08,"rs7924176",10,74536031,0.609601,"21931568_data_upbuilt_filtered.csv"
