"","beta.disc","se.disc","n.disc","f.disc","beta.rep","se.rep","n.rep","f.rep","trait.mean","p.thresh","rsid","chr","pos","trait.var","file.tag"
"9",0.138,0.025,33533,0.38,0.016,0.026,38360,0.38,18.83336,1e-05,"rs7958151",12,131133090,11.7281,"23372041_data_upbuilt_filtered.csv"
"10",-0.172,0.036,33533,0.86,0.073,0.036,38360,0.86,18.83336,1e-05,"rs17158276",7,29608461,11.7281,"23372041_data_upbuilt_filtered.csv"
"11",0.136,0.029,33533,0.7,-0.044,0.036,38360,0.7,18.83336,1e-05,"rs1039755",11,116513409,11.7281,"23372041_data_upbuilt_filtered.csv"
"12",-0.158,0.035,33533,0.65,-0.067,0.034,38360,0.65,18.83336,1e-05,"rs1440620",1,214088007,11.7281,"23372041_data_upbuilt_filtered.csv"
"13",0.145,0.032,33533,0.18,-0.011,0.034,38360,0.18,18.83336,1e-05,"rs152621",5,14582897,11.7281,"23372041_data_upbuilt_filtered.csv"
"14",-0.114,0.025,33533,0.34,-0.021,0.026,38360,0.34,18.83336,1e-05,"rs1457974",6,76714745,11.7281,"23372041_data_upbuilt_filtered.csv"
