"","beta.disc","se.disc","n.disc","f.disc","beta.rep","se.rep","n.rep","f.rep","trait.mean","p.thresh","rsid","chr","pos","trait.var","file.tag"
"1",0.75,0.17,7814,0.38,0.21,0.18,11827,0.4,81.59488,1e-05,"rs6657427",1,247868866,121.135,"25249183_data_upbuilt_filtered.csv"
"2",0.75,0.18,9364,0.4,0.62,0.17,12076,0.4,81.59488,1e-05,"rs9810888",3,53601568,121.135,"25249183_data_upbuilt_filtered.csv"
"3",0.94,0.19,11812,0.17,0.24,0.24,11775,0.16,81.59488,1e-05,"rs16851412",3,141421817,121.135,"25249183_data_upbuilt_filtered.csv"
"4",0.96,0.21,11349,0.87,0.27,0.25,11892,0.86,81.59488,1e-05,"rs9403946",6,148350658,121.135,"25249183_data_upbuilt_filtered.csv"
