"","beta.disc","se.disc","n.disc","freq.disc","beta.rep","se.rep","n.rep","freq.rep","trait.mean","p.thresh","rsid","chr","pos","trait.var","file.tag"
"12",0.18,0.038,4627,0.49,-0.002,0.035,9316,0.49,30.28325,1e-05,"rs790003",3,194620598,3.61153,"19820697_data_upbuilt_filtered.csv"
"13",0.252,0.049,4627,0.2,0.01,0.034,9316,0.2,30.28325,1e-05,"rs1398200",4,43348353,3.61153,"19820697_data_upbuilt_filtered.csv"
"14",-0.194,0.044,4627,0.19,-0.05,0.038,9316,0.19,30.28325,1e-05,"rs10033229",4,110108919,3.61153,"19820697_data_upbuilt_filtered.csv"
"15",0.572,0.114,4627,0.03,-0.02,0.087,9316,0.03,30.28325,1e-05,"rs13120225",4,153045328,3.61153,"19820697_data_upbuilt_filtered.csv"
"16",0.326,0.069,4627,0.1,-0.037,0.045,9316,0.1,30.28325,1e-05,"rs17281347",5,163998792,3.61153,"19820697_data_upbuilt_filtered.csv"
"17",0.192,0.043,4627,0.4,-0.025,0.035,9316,0.4,30.28325,1e-05,"rs1056968",12,6419463,3.61153,"19820697_data_upbuilt_filtered.csv"
"18",0.217,0.047,4627,0.32,0.039,0.029,9316,0.32,30.28325,1e-05,"rs1322707",13,101854184,3.61153,"19820697_data_upbuilt_filtered.csv"
"19",0.192,0.04,4627,0.35,0.111,0.027,9316,0.35,30.28325,1e-05,"rs5756506",22,37071352,3.61153,"19820697_data_upbuilt_filtered.csv"
